marsh_id,plot_id,plot_size_m2,lat_dd,long_dd,date,technique,Sample Description,Altiarchaeia (order),Archaea (unclassified order),Asgardaeota (order),Asgardaeota (unclassified order),Heimdallarchaeia (order),Lokiarchaeia (order),Odinarchaeia (order),Bathyarchaeia (order),Aigarchaeales,Crenarchaeota (unclassified order),Methanomethyliales,Micrarchaeia_(order),Euryarchaeota (unclassified order),Halobacteriales,Methanobacteriales,Methanococcales,Euryarchaeota ANME-1 (order),Methanocellales,Methanomicrobia (unclassified order),Methanomicrobiales,Methanosarcinales,Methanofastidiosales,Euryarchaeota JdFR-43 (order),Euryarchaeota Marine Benthic Group D and DHVEG-1 (order),Euryarchaeota Marine Group II (order),Euryarchaeota Marine Group III (order),Methanomassiliicoccales,Euryarchaeota SG8-5 (order),Thermoplasmata (unclassified order),Thermoplasmatales,Euryarchaeota JdFR-43 (uncultured),Hadesarchaeaeota (order),Hydrothermarchaeota (order),Nanoarchaeaeota (unclassified order),Aenigmarchaeales,Nanoarchaeaeota Deep Sea Euryarchaeotic Group (DSEG),Nanohaloarchaeia (unclassified order),Woesearchaeia (order),Nitrososphaeria Marine Benthic Group A (order),Nitrosopumilales,Nitrososphaerales,Nitrososphaeria (unclassified order),Nitrosotaleales,Nitrososphaeria SCGC AB-179-E04 (order),Thaumarchaeota (unclassified order),Acetothermiia (order),Acidobacteria AT-s3-28 (order),Acidobacteria (unclassified),Acidobacteriales,Acidobacteriia (unclassified order),Solibacterales,Solibacterales Subgroup 12,Solibacterales Subgroup 13,Solibacterales Subgroup 2,Aminicenantales,Blastocatellia 11-24 (order),Blastocatellales,Blastocatellia (Subgroup 4) (unclassified order),Blastocatellia DS-100 (order),Pyrinomonadales,Fischerbacteria (order),Acanthopleuribacterales,Holophagae (unclassified order),Holophagales,Acidobacteria Subgroup 7 (order),Acidobacteria ODP1230B23.02 (order),Acidobacteria Subgroup 11 (order),Acidobacteria Subgroup 15 (order),Acidobacteria Subgroup 17 (order),Acidobacteria Subgroup 18 (order),Acidobacteria Subgroup 19 (order),Acidobacteria Subgroup 20 (order),Acidobacteria Subgroup 21 (order),Acidobacteria Subgroup 22 (order),Acidobacteria Subgroup 25 (order),Acidobacteria Subgroup 26 (order),Acidobacteria Subgroup 5 (order),Acidobacteria Subgroup 6 (order),Acidobacteria Subgroup 6 (unclassified order),Acidobacteria Unknown(order),Acidobacteria Subgroup 9 (order),Thermoanaerobaculales,Acidobacteria c5LKS83 (order),Acidobacteria d142 (order),Acidimicrobiia (unclassified order),Actinomarinales,Acidimicrobiia IMCC26256 (order),Microtrichales,Acidimicrobiia uncultured (order),Actinobacteria (unclassified order)...103,Actinomycetales,Corynebacteriales,Frankiales,Kineosporiales,Micrococcales,Micromonosporales,Actinobacteria PeM15 (order),Propionibacteriales,Pseudonocardiales,Streptomycetales,Streptosporangiales,Actinobacteria (unclassified order)...115,Coriobacteriia CG2-30-50-142 (order),Coriobacteriia (unclassified order),Actinobacteria FS118-23B-02 (order),Actinobacteria OPB41 (order),Actinobacteria FFCH16263 (order),Actinobacteria MB-A2-108 (order),Euzebyales,Nitriliruptorales,Nitriliruptoria (unclassified order),Actinobacteria RBG-16-55-12 (order),Gaiellales,Solirubrobacterales,Thermoleophilia (unclassified order),Gaiellales uncultured (order),Actinobacteria WCHB1-81 (order),Aegiribacteria (order),Aerophobetes (order),AncK6 (order),Armatimonadetes (unclassified order),Armatimonadales,Chthonomonadales,Armatimonadetes DG-56 (order),Fimbriimonadales,Armatimonadetes uncultured (order),Caldatribacteriales,Atribacteria JS1 (order),BHI80-139 (order),BRC1 (order),Bacteria (unclassified order),Bacteroidetes (unclassified),Bacteroidales,Bacteroidetes VC2.1 Bac22 (order),Bacteroidia (unclassified order),Chitinophagales,Cytophagales,Flavobacteriales,Bacteroidetes SM1A07 (order),Sphingobacteriales,Chlorobiales,Ignavibacteria (unclassified order),Ignavibacteriales,Kryptoniales,Bacteroidetes OPB56 (order),Bacteroidetes SJA-28 (order),Bacteroidetes OC31 (order),Balneolales,Rhodothermales,Rhodothermia (unclassified order),CK-2C2-2 (order),Caldisericales,Calditrichales,Chlamydiales,Chlamydiae (unclassified order),Chlamydiae LD1-PA32 (order),Anaerolineae 1-20 (order),ADurb.Bin180 (order),Anaerolineae (unclassified order),Anaerolineales,Ardenticatenales,Caldilineales,Anaerolineae KZNMV-5-B42 (order),Anaerolineae MSB-5B2 (order),Anaerolineae MSB-5E12 (order),Anaerolineae RBG-13-54-9 (order),Anaerolineae SBR1031 (order),Anaerolineae SJA-15 (order),Thermoflexales,Anaerolineae uncultured (order),Chloroflexi (unclassified order),Chloroflexales,Chloroflexia (unclassified order),Kallotenuales,Thermomicrobiales,661239 (order),Dehalococcoidales,Dehalococcoidia (order),Dehalococcoidia (unclassified order),Dehalococcoidia DscP2 (order),Dehalococcoidia FS117-23B-02 (order),Dehalococcoidia FW22 (order),Dehalococcoidia GIF3 (order),Dehalococcoidia GIF9 (order),Dehalococcoidia H3.93 (order),Dehalococcoidia MB-C2-126 (order),Dehalococcoidia MSBL5 (order),Dehalococcoidia Napoli-4B-65 (order),Dehalococcoidia RBG-13-46-9 (order),Dehalococcoidia S085 (order),Dehalococcoidia SAR202 clade (order),Dehalococcoidia SPG12-343-353-B75 (order),Dehalococcoidia Sh765B-AG-111 (order),Dehalococcoidia Sh765B-TzT-20 (order),Dehalococcoidia t0.6.f (order),Dehalococcoidia vadinBA26 (order),Chloroflexi Gitt-GS-136 (order),Chloroflexi JG30-KF-CM66 (order),Chloroflexi KD4-96 (order_,Ktedonobacterales,Ktedonobacteria (unclassified order),Ktedonobacterales MVP-21 (order),Chloroflexi N9D0 (order),Chloroflexi OLB14 (order),Chloroflexi P2-11E (order),Chloroflexi SHA-26 (order),Chloroflexi SL56 marine group (order),Chloroflexi TK10 (order),Cloacimonadales,Cloacimonadia (unclassified order),Cloacimonadia MSBL2 (order),Cyanobacteria (unclassified order),Caenarcaniphilales,Gastranaerophilales,Melainabacteria (unclassified order),Obscuribacterales,Vampirovibrionales,Leptolyngbyales,Nostocales,Oxyphotobacteria Incertae Sedis,Oxyphotobacteria (unclassified order),Phormidesmiales,Pseudanabaenales,Synechococcales,Thermosynechococcales,Sericytochromatia (order),Dadabacteriales,Deferribacterales,Deinococcales,Deinococci (unclassified order),Thermales,Babeliales,Desantisbacteria (order),Edwardsbacteria (order),Elusimicrobia 4-29 (order),Elusimicrobia (unclassified order),Elusimicrobiales,Elusimicrobia Lineage IV (order),Elusimicrobia MD2894-B20 (order),Elusimicrobia MVP-88 (order),Elusimicrobia (unclassified),Endomicrobiales,Elusimicrobia Lineage Iia (order),Elusimicrobia Lineage Iib (order),Elusimicrobia Lineage Iic (order),Entotheonellales,Campylobacterales,Campylobacteria (unclassified order),Epsilonbacteraeota (unclassified order),FBP (order),FCPU426 (order),Chitinivibrionales,Fibrobacteres uncultured (order),Fibrobacteres (unclassified order),Fibrobacterales,Bacillales,Bacilli (unclassified order),Lactobacillales,Clostridia (unclassified order),Clostridiales,Thermoanaerobacterales,Erysipelotrichales,Firmicutes (unclassified order),Selenomonadales,Fusobacteriales,GAL15 (order),GN01 (order),Gemmatimonadetes AKAU4049 (order),Gemmatimonadetes BD2-11 terrestrial group (order),Gemmatimonadales,Gemmatimonadetes (unclassified order),Longimicrobiales,Gemmatimonadetes MD2902-B12 (order),Gemmatimonadetes PAUC43f marine benthic group (order),Gemmatimonadetes S0134 terrestrial group (order),Halanaerobiales,Hydrogenedentiales,Kiritimatiellae 113B434 (order),Kiritimatiellae (unclassified order),Kiritimatiellales,Kiritimatiellae WCHB1-41 (order),LCP-89 (order),Latescibacterales,Latescibacteria (order),Latescibacteria (unclassified order),Lentisphaerae (unclassified order),Lentisphaerales,Victivallales,Oligosphaerales,Oligosphaeria (unclassified order),Oligosphaeria P.palmC41 (order),Oligosphaeria SS1-B-02-17 (order),Marinimicrobia (SAR406 clade) (order),Moduliflexales,Nitrospinae (unclassified order),Nitrospinales,Nitrospinae P9X2b3D02 (order),Nitrospirae 4-29-1 (order),Nitrospirae BMS9AB35 (order),Nitrospirales,Nitrospirae (unclassified order),Thermodesulfovibrionales,Thermodesulfovibrionia (unclassified order),Nitrospirae uncultured (order),Omnitrophales,Omnitrophia (order),Omnitrophicaeota (order),Omnitrophicaeota (unclassified order),PAUC34f (order),Patescibacteria ABY1 (unclassified order),Candidatus Buchananbacteria (order),Candidatus Falkowbacteria (order),Candidatus Kerfeldbacteria (order),Candidatus Komeilibacteria (order),Candidatus Kuenenbacteria (order),Candidatus Magasanikbacteria (order),Candidatus Uhrbacteria (order),Berkelbacteria (order),Patescibacteria CPR2 (order),Absconditabacteriales (SR1) (order),Candidatus Abawacabacteria (order),Candidatus Peregrinibacteria (order),Candidatus Peribacteria (order),Gracilibacteria (order),Gracilibacteria (unclassified order),Patescibacteria JGI_0000069-P22 (order),Kazania (order),Patescibacteria MD2896-B216 (order),Candidatus Amesbacteria (order),Candidatus Chisholmbacteria (order),Candidatus Collierbacteria (order),Candidatus Curtissbacteria (order),Candidatus Gottesmanbacteria (order),Candidatus Levybacteria (order),Candidatus Pacebacteria (order),Candidatus Shapirobacteria (order),Candidatus Woesebacteria (order),Candidatus Woykebacteria (order),Microgenomatia (order),Microgenomatia (unclassified order),Candidatus Adlerbacteria (order),Candidatus Azambacteria (order),Candidatus Campbellbacteria (order),Candidatus Colwellbacteria (order),Candidatus Giovannonibacteria (order),Candidatus Jorgensenbacteria (order),Candidatus Kaiserbacteria (order),Candidatus Liptonbacteria (order),Candidatus Lloydbacteria (order),Candidatus Moranbacteria (order),Candidatus Nealsonbacteria (order),Candidatus Nomurabacteria (order),Candidatus Portnoybacteria (order),Candidatus Ryanbacteria (order),Candidatus Spechtbacteria (order),Candidatus Staskawiczbacteria (order),Candidatus Terrybacteria (order),Candidatus Vogelbacteria (order),Candidatus Wolfebacteria (order),Candidatus Yanofskybacteria (order),Candidatus Yonathbacteria (order),Candidatus Zambryskibacteria (order),Patescibacteria GWA2-38-13b (order),Patescibacteria GWB1-42-6 (order),Paceibacterales,Parcubacteria (order),Parcubacteria unclassified order),Patescibacteria unclassified (order),Saccharimonadales,Patescibacteria WWE3 (order),Patescibacteria (uncultured order),Planctomycetes 028H05-P-BN-P5 (order),Planctomycetes BD7-11 (order),Brocadiae (unclassified order),Planctomycetes SM23-32 (order),Planctomycetes ODP123 (order),Planctomycetes OM190 (order),Phycisphaerae Amsterdam-1B-07 (order),Phycisphaerae B103G10 (order),Phycisphaerae C86 (order),Phycisphaerae CCM11a (order),Phycisphaerae DG-20 (order),Phycisphaerae MSBL9 (order),Phycisphaerae_unclassified,Phycisphaerales,Planctomycetes Pla1 lineage (order),Planctomycetes S-70 (order),Tepidisphaerales,Planctomycetes mle1-8 (order),Planctomycetes Pla3 lineage (order),Planctomycetes Pla4 lineage (order),Gemmatales,Isosphaerales,Pirellulales,Planctomycetacia (unclassified order),Planctomycetales,Planctomycetes uncultured (order),Planctomycetes unclassified (order),Planctomycetes SPG12-343-353-B69 (order),Planctomycetes vadinHA49 (order),Poribacteria (order),Acetobacterales,Alphaproteobacteria Incertae Sedis,Alphaproteobacteria (unclassified order),Azospirillales,Caedibacterales,Caulobacterales,Dongiales,Elsterales,Emcibacterales,Holosporales,Kordiimonadales,Micavibrionales,Micropepsales,Alphaproteobacteria NRL2 (order),Paracaedibacterales,Parvibaculales,Puniceispirillales,Reyranellales,Rhizobiales,Rhodobacterales,Rhodospirillales,Rhodovibrionales,Rickettsiales,Alphaproteobacteria SAR11 clade (order),Sneathiellales,Sphingomonadales,Thalassobaculales,Tistrellales,Alphaproteobacteria uncultured (order),Alphaproteobacteria 10bav-F6 (order),Bdellovibrionales,Bradymonadales,Alphaproteobacteria DTB120 (order),Deltaproteobacteria Incertae Sedis,Deltaproteobacteria (unclassified order),Desulfarculales,Desulfobacterales,Desulfovibrionales,Desulfuromonadales,Deltaproteobacteria FW113 (order),Deltaproteobacteria MBNT15 (order),Myxococcales,Deltaproteobacteria NB1-j (order),Deltaproteobacteria NKB15 (order),Oligoflexales,Deltaproteobacteria PB19 (order),Deltaproteobacteria RCP2-54 (order),Deltaproteobacteria SAR324 clade (Marine group B) (order),Deltaproteobacteria Sva0485 (order),Syntrophobacterales,Gammaproteobacteria 1013-28-CG33 (order),Gammaproteobacteria 211ds20 (order),Gammaproteobacteria AT-s16 (order),Gammaproteobacteria AT-s2-59 (order),Acidiferrobacterales,Acidithiobacillales,Aeromonadales,Alteromonadales,Arenicellales,Gammaproteobacteria B108 (order),Gammaproteobacteria B2M28 (order),Gammaproteobacteria BD7-8 (order),Beggiatoales,Betaproteobacteriales,Gammaproteobacteria CCD24 (order),Gammaproteobacteria CCM19a (order),Gammaproteobacteria CH2b56 (order),Cardiobacteriales,Cellvibrionales,Chromatiales,Competibacterales,Coxiellales,Diplorickettsiales,Gammaproteobacteria EC3 (order),Gammaproteobacteria EPR3968-O8a-Bc78 (order),Gammaproteobacteria EV818SWSAP88 (order),Ectothiorhodospirales,Enterobacteriales,Gammaproteobacteria F9P41300-M23 (order),Francisellales,Gammaproteobacteria Ga0077536 (order),Gammaproteobacteria Incertae Sedis,Gammaproteobacteria (unclassified order),Gammaproteobacteria HOC36 (order),Halothiobacillales,Gammaproteobacteria HglApr721 (order),Gammaproteobacteria I3A (order),Immundisolibacterales,Gammaproteobacteria JG36-GS-52 (order),Gammaproteobacteria JG36-TzT-191 (order),Gammaproteobacteria JTB23 (order),Gammaproteobacteria KF-JG30-C25 (order),Gammaproteobacteria KI89A clade (order),Legionellales,Gammaproteobacteria MBAE14 (order),Gammaproteobacteria MBMPE27 (order),Methylococcales,Gammaproteobacteria Milano-WF1B-44 (order),Gammaproteobacteria NKB5 (order),Nitrococcales,Nitrosococcales,Gammaproteobacteria OM182 clade (order),Oceanospirillales,Gammaproteobacteria PLTA13 (order),Pasteurellales,Piscirickettsiales,Pseudomonadales,Gammaproteobacteria R7C24 (order),Gammaproteobacteria Run-SP154 (order),Gammaproteobacteria SAR86 clade (order),Gammaproteobacteria SS1-B-04-55 (order),Gammaproteobacteria SS1-B-07-19 (order),Gammaproteobacteria SZB30 (order),Salinisphaerales,Steroidobacterales,Gammaproteobacteria TDNP-Wbc97-11-7-16 (order),Tenderiales,Thiohalorhabdales,Thiomicrospirales,Thiotrichales,Gammaproteobacteria UBA10353 marine group (order),Vibrionales,Xanthomonadales,Gammaproteobacteria eub62A3 (order),Gammaproteobacteria pItb-vmat-80 (order),Gammaproteobacteria uncultured (order),Magnetococcales,Proteobacteria (order),Proteobacteria unclassified (order),Mariprofundales,Methylomirabilales,Rokubacteriales,Schekmanbacteria (order),Brachyspirales,Leptospirales,MVP-15 (order),Spirochaetes (unclassified order),Brevinematales,Spirochaetales,Spirochaetia V2072-189E03 (order),Synergistales,TA06 (order),Acholeplasmatales,Haloplasmatales,Izimaplasmatales,Mollicutes RF39 (order),Mollicutes (unclassified order),Mycoplasmatales,Kosmotogales,Petrotogales,Thermotogae (unclassified order),Verrucomicrobia B29 (order),Chthoniobacterales,Verrucomicrobia LD1-PB3 (order),Methylacidiphilales,Opitutales,Pedosphaerales,Verrucomicrobia S-BQ2-57 soil group (order),Verrucomicrobia UA11 (order),Verrucomicrobiae (unclassified order),Verrucomicrobiales,Verrucomicrobia uncultured (order),WOR-1 or (order),WPS-2 or (order),WS1 (order),WS2 (order),WS4 (order),Zixibacteria_(order),Uncultured Bactreia (order),Unknown unclassified (order)
LHA,T2_0m,0.01,29.552016,-89.851903,2018-05-22T00:00:00Z,core,"subtidal marsh edge sediment, 0-2 cm depth",0,20,0,6,1,20,2,269,0,4,0,0,0,0,0,0,0,0,0,0,0,7,0,11,1,1,0,0,1,0,0,0,0,0,0,0,0,9,0,0,1,0,0,0,2,7,35,508,3,0,221,0,8,3,218,6,4,76,0,0,0,5,0,7,271,0,0,1,453,112,1,0,334,382,0,45,1,226,166,21,82,2730,3,1,2,28,0,28,0,194,0,5,9,4,54,2,25,1,0,0,0,68,0,8,3,45,0,28,1,3,0,23,47,14,2,0,68,9,2,1,3,0,2,7,2,6,0,13,0,0,7664,29,4041,11,1821,2781,2458,2421,0,1064,1,6,1414,594,29,199,0,9,311,27,2,0,762,200,0,4,286,27,694,7480,367,324,2,9,0,14,208,214,1,506,103,1,0,0,1,10,4,1,67,0,2,4,3,27,0,0,13,4,2,20,0,0,1,0,6,2,5,20,130,0,0,0,0,7,0,0,0,0,11,0,0,0,1,1,0,0,0,1,36,3,6,15,0,285,0,2,1,0,36,0,0,108,0,0,2,0,0,1,10,7,4,0,4,24,1,0,136,0,0,0,1,8,3,0,14,1909,7,5,0,134,0,2,6,0,6,8,0,0,626,356,2,1,0,13,11,0,79,10,47,98,265,9,77,317,2,5,0,8,9,0,1,15,0,33,0,0,117,63,0,53,0,0,5,458,17,0,55,1,8,16,0,25,3,2,1,0,4,0,1,16,0,0,2,31,2,2,0,0,3,12,0,0,0,1,2,1,13,0,0,0,0,0,0,0,0,1,18,0,1,40,0,0,2,0,0,0,0,0,0,3,0,0,3,0,0,0,23,8,0,0,1,16,22,0,13,0,570,0,1,7,74,1,390,91,283,46,0,9,58,39,22,49,5,6176,21,375,1,417,1,10,0,88,1,1272,1,1,217,0,0,0,7,7,19,10,0,6,3,38,7,4474,3596,45,69,18,54,0,875,3,48,0,1,244,55,1,243,2084,700,12432,19,1659,1,537,2343,254,49,133,35,2,4,381,1917,42,1,0,2,129,0,6,51,29,1,31,7,0,9522,21,14,0,0,1793,1469,60,2,17,2,392,16,120,6,1,0,5,1685,16198,10,1,0,0,0,22,0,0,0,573,5,0,0,513,5,0,0,70,27,114,2211,0,0,18,20,0,10,0,0,380,0,5306,58,6,3,1,10,0,87,55,1,5,0,1,0,1210,1,36,2,0,1,44,7,2,3,217,0,0,13,0,1,18,0,0,5,0,0,0,0,271,16,0,146,901,29,0,57,977,0,0,3,10,35,1,127,0,426
LHA,T2_1m,0.01,29.55202,-89.85188,2018-05-22T00:00:00Z,core,"marsh soil - 1 m inland, 0-2 cm depth",0,7,0,2,0,6,0,227,0,0,0,0,0,0,0,0,0,0,0,0,0,1,0,11,0,0,2,0,0,0,0,0,0,0,1,0,0,8,0,1,4,0,0,0,0,0,74,1036,5,0,421,0,47,13,72,11,45,34,15,0,0,13,0,1,296,1,6,37,906,124,0,0,154,403,0,30,82,550,464,27,141,2304,0,0,1,26,2,38,0,74,0,38,7,6,224,54,10,39,0,18,1,59,0,2,0,7,0,26,3,6,0,6,149,48,7,0,34,1,0,2,6,0,3,0,1,4,0,4,0,2,7348,15,1367,1,566,1009,1757,450,0,483,0,3,725,253,6,91,0,5,260,2,0,0,330,295,0,1,33,3,265,1788,103,80,1,3,0,18,476,39,0,33,172,2,0,0,13,33,21,0,36,0,0,2,2,9,0,0,1,2,3,225,5,0,0,0,1,3,104,78,729,0,0,2,0,36,0,0,0,14,2,0,0,2,0,0,0,2,1,0,6,2,1,0,0,28,0,3,8,0,17,0,0,166,0,0,2,1,0,0,4,11,8,0,7,11,3,5,74,2,0,0,0,0,18,0,23,8015,22,0,2,154,0,1,8,0,0,2,0,40,830,445,38,2,0,6,89,0,95,0,7,19,59,0,138,382,2,2,0,0,1,0,0,3,1,8,0,2,146,139,0,325,0,0,3,434,10,0,26,0,0,16,1,10,1,5,0,0,2,0,0,0,0,8,1,59,1,1,0,0,1,3,0,0,0,0,0,0,3,0,0,0,0,2,0,0,0,1,1,0,0,17,0,2,0,0,0,0,0,0,0,1,0,0,0,0,0,0,19,1,0,0,0,11,19,0,17,0,591,16,0,11,162,0,370,191,563,110,12,28,47,67,15,276,5,6583,63,821,3,459,0,3,0,62,13,4192,4,9,799,3,3,0,31,12,31,16,0,2,11,85,61,4973,2879,36,181,5,43,2,2613,6,102,0,5,226,11,3,374,2479,668,9105,20,2092,2,564,3583,1276,8,68,35,1,19,212,1560,14,1,0,0,210,1,23,83,3,0,7,6,19,5316,403,93,0,0,1571,226,8,16,83,5,1016,2,70,8,1,0,5,873,10565,5,2,0,0,0,49,0,0,0,419,21,0,0,129,0,0,0,39,4,154,975,0,0,372,178,0,1,3,0,90,3,1391,7,3,6,0,2,6,71,243,2,0,10,0,1,1209,6,31,1,1,0,20,2,0,1,91,0,0,6,0,0,2,0,0,3,0,0,0,0,152,1,0,115,1037,46,0,50,346,0,0,1,20,25,8,170,0,279
LHA,T2_10m,0.01,29.55237,-89.85199,2018-05-22T00:00:00Z,core,"marsh soil - 10 m inland, 0-2 cm depth",0,5,0,1,0,8,0,92,0,0,0,0,1,0,0,0,1,0,0,0,0,1,0,22,1,0,1,0,3,0,1,0,0,0,0,0,0,2,0,0,1,0,0,0,0,0,70,1497,38,3,436,0,79,22,54,12,82,58,34,0,0,16,0,5,297,2,14,69,828,156,0,0,134,279,9,13,19,791,421,42,95,1141,0,0,6,13,2,13,0,76,0,53,10,8,490,10,7,22,0,3,0,59,2,1,0,11,0,22,9,6,1,2,112,38,10,0,12,0,0,0,3,0,1,0,3,5,0,0,0,5,7132,36,927,1,677,1191,2762,1451,0,941,0,16,468,180,6,91,1,7,440,3,1,0,185,422,0,0,22,1,250,1267,68,62,0,5,0,42,710,22,0,25,249,3,0,0,16,10,6,0,27,0,5,3,0,2,0,0,1,1,2,143,4,0,1,0,2,1,463,113,1135,2,0,0,10,132,0,1,0,7,0,0,0,5,1,3,0,2,1,1,19,0,3,0,0,61,0,9,8,0,12,0,42,193,0,0,1,0,0,0,0,12,2,0,7,24,4,5,26,0,0,0,1,1,11,0,15,5315,27,1,0,112,0,0,5,0,1,0,0,14,513,1015,57,8,0,4,71,0,123,0,5,31,56,0,27,546,1,2,0,1,3,0,0,2,0,4,0,0,28,61,0,241,0,0,5,330,17,0,28,0,3,6,1,3,0,0,0,3,5,0,1,3,0,3,1,101,13,7,0,0,5,1,0,0,0,0,3,0,10,0,0,0,0,0,0,3,0,0,1,0,0,7,0,2,0,1,0,0,5,0,0,0,0,1,1,0,0,2,28,11,0,0,0,13,33,0,11,1,562,1,0,8,92,1,160,114,399,101,11,40,36,41,10,381,9,5923,93,743,6,343,0,8,1,128,9,4554,1,2,518,12,10,0,39,14,94,67,13,4,32,95,114,4476,5122,83,137,24,48,4,3335,5,108,0,0,318,10,0,249,2161,406,3642,18,5793,1,382,5627,531,8,79,31,1,3,153,1031,22,0,0,0,234,1224,20,94,1,0,6,2,0,5839,467,249,0,0,6580,241,20,25,204,7,666,1,255,3,1,0,1,776,10642,4,11,0,0,22,67,0,0,0,400,45,0,0,98,2,0,0,37,5,380,603,0,1,381,264,0,8,0,0,98,5,2421,3,2,0,0,0,15,269,535,0,1,5,0,1,1047,2,28,3,0,0,16,3,0,0,5,0,0,4,0,1,0,0,0,8,0,0,0,0,127,0,2,149,1247,52,0,66,817,0,0,0,17,2,2,81,0,239
LHA,T2_87m,0.01,29.55233,-89.85105,2018-05-22T00:00:00Z,core,"marsh soil - 87 m inland, 0-2 cm depth",0,19,1,4,0,13,2,328,0,2,0,0,0,0,1,0,0,0,0,0,0,1,0,155,0,0,3,0,5,0,3,0,0,2,3,0,0,16,0,0,0,0,0,0,0,2,26,663,118,9,283,0,102,17,196,14,29,25,7,0,0,0,0,65,90,0,4,21,547,155,0,0,108,175,5,10,8,302,263,25,85,1346,1,0,4,13,1,10,0,67,0,10,14,5,75,9,8,44,0,1,0,48,10,5,0,22,2,17,1,4,0,15,220,227,19,0,23,2,1,0,9,0,2,9,8,17,0,6,0,3,6840,12,1739,6,537,1163,928,496,0,278,0,11,1463,480,7,58,0,1,95,2,2,0,359,171,0,0,99,13,391,2458,110,66,0,9,0,39,240,82,2,188,171,2,1,0,12,26,7,2,76,0,1,5,0,11,0,0,7,2,2,47,2,0,0,0,6,5,99,42,895,2,0,0,0,18,0,4,0,10,8,0,0,0,1,4,1,0,2,2,4,1,1,0,0,64,0,1,4,0,44,0,0,282,0,0,0,0,0,6,5,7,4,3,6,9,3,1,41,0,0,0,1,1,10,0,20,930,12,0,1,73,0,0,6,0,0,0,0,0,413,777,6,0,0,3,54,0,63,0,6,58,55,3,80,377,1,1,0,0,4,0,0,1,0,17,0,0,70,38,0,118,0,0,1,693,35,0,107,0,3,11,2,5,0,0,0,1,7,1,0,3,0,0,2,18,4,4,0,0,3,0,0,0,0,0,1,0,2,0,0,0,0,0,0,2,0,7,9,0,2,119,0,5,0,0,0,0,0,0,0,3,0,0,1,0,0,1,55,4,0,0,0,4,13,0,23,0,378,0,0,9,71,0,430,121,317,109,4,22,55,35,23,88,5,3854,33,386,1,363,0,25,2,164,2,2465,5,7,221,6,7,0,11,15,16,665,0,14,12,15,41,3361,2139,52,80,21,41,0,1665,5,55,0,0,99,3,0,167,1774,930,7214,17,1174,1,307,3067,215,13,33,1,27,77,376,1811,11,5,0,0,369,1,7,39,2,0,11,22,3,10993,342,10,0,0,840,601,6,19,93,3,349,2,58,1,1,1,5,655,12395,9,2,0,0,0,29,0,0,0,414,15,0,0,227,1,0,0,66,125,202,902,0,0,39,61,0,4,0,0,321,2,2730,35,2,1,0,10,0,35,820,0,0,1,0,0,983,2,72,4,0,0,22,1,1,2,174,0,0,18,0,1,1,0,0,0,0,0,0,0,160,1,4,179,1125,47,0,41,279,0,0,0,19,15,1,136,6,351
LHB,T1_0m,0.01,29.552991,-89.858293,2018-05-23T00:00:00Z,core,"subtidal marsh edge sediment, 0-2 cm depth",0,17,0,5,1,13,0,8,0,0,0,0,0,0,0,0,0,0,0,0,0,4,1,79,0,0,9,0,2,2,10,0,0,0,3,0,0,17,0,0,0,0,0,0,0,8,47,587,10,3,269,0,12,4,154,7,19,61,2,0,0,6,0,9,259,3,0,5,370,71,0,0,193,415,1,45,4,144,199,19,80,1887,0,2,9,40,1,42,0,147,0,6,19,0,45,2,19,4,0,0,0,44,0,6,0,19,0,29,1,3,0,5,43,32,2,0,35,18,1,4,1,0,0,2,1,3,0,3,0,1,8755,25,3495,28,2020,2664,2142,1524,0,957,0,7,1152,423,38,152,0,7,351,12,0,0,580,132,0,3,135,21,549,3824,373,261,2,16,0,6,372,154,3,294,99,0,0,0,3,14,3,1,62,0,1,1,3,21,0,0,9,3,0,31,1,0,0,0,6,7,14,43,157,0,0,2,0,18,0,3,0,0,15,0,0,5,0,2,2,0,0,1,40,3,7,1,1,94,0,1,2,0,46,0,0,89,0,0,6,0,0,4,16,18,10,0,6,63,0,0,47,1,0,0,1,8,8,0,27,161,3,0,1,107,0,1,2,0,20,4,0,4,609,244,2,0,1,9,19,0,70,2,62,190,361,4,88,341,2,19,2,5,27,4,1,29,1,20,0,0,108,103,0,123,0,0,4,359,52,0,126,0,4,18,2,19,1,2,1,0,22,0,0,19,0,0,2,44,3,18,0,0,3,41,0,0,0,0,5,0,9,0,0,1,0,0,0,0,0,0,35,0,1,11,0,2,4,0,0,0,0,0,0,7,0,0,2,0,0,0,59,22,0,0,0,18,19,0,22,0,794,0,0,6,35,0,613,96,413,29,3,8,63,111,43,46,1,5656,38,418,1,544,0,12,1,66,2,1753,0,9,476,3,7,0,1,18,37,16,0,2,8,46,6,3514,3575,45,72,18,59,1,769,0,45,0,0,409,52,0,312,2069,563,10648,8,2488,1,325,2538,357,22,66,45,0,15,328,1267,25,0,0,0,217,3,5,78,4,0,7,11,0,7342,56,10,0,0,2104,807,16,3,5,0,493,15,194,2,0,0,16,2533,16080,8,1,0,0,0,19,0,0,0,696,5,0,0,256,2,2,0,128,44,149,2271,0,0,19,15,0,4,0,0,166,1,3501,29,21,6,2,9,1,63,79,10,43,2,1,0,1519,3,28,0,2,0,31,5,1,1,220,1,0,21,0,0,20,0,0,5,0,0,0,0,127,5,0,344,962,19,0,54,1411,0,0,3,5,46,0,142,1,432
LHB,T1_1m,0.01,29.55292,-89.858305,2018-05-23T00:00:00Z,core,"marsh soil - 1 m inland, 0-2 cm depth",0,13,0,4,0,10,2,8,0,0,0,0,2,0,0,0,0,0,0,0,0,0,0,104,0,0,5,0,9,0,14,0,0,0,2,0,0,13,0,0,0,0,0,0,0,3,15,517,87,4,247,0,37,5,117,10,16,14,13,0,0,6,0,47,98,0,1,5,395,108,0,0,55,144,0,10,3,157,170,17,29,1272,1,1,6,11,3,24,0,105,0,18,18,12,222,9,21,39,1,2,0,63,0,3,0,18,0,15,1,6,0,4,78,31,5,0,19,36,0,2,6,0,0,3,2,23,0,1,0,4,5095,11,5105,61,1172,728,1145,493,0,513,0,7,1141,176,13,37,0,15,125,0,1,0,308,211,0,1,72,12,355,2057,131,72,0,4,2,21,257,63,2,111,90,2,0,0,4,14,2,0,53,0,0,0,0,14,0,0,6,0,1,37,4,0,0,0,3,1,65,24,529,3,0,1,0,12,0,0,0,3,14,0,0,0,0,7,0,3,0,2,6,0,4,2,0,61,0,0,2,1,21,0,0,102,0,0,3,0,0,3,12,12,2,0,2,13,2,3,140,0,0,0,2,0,0,0,92,159,4,1,3,141,0,0,26,0,1,0,0,1,423,698,32,3,0,2,56,0,83,3,18,45,132,2,113,281,4,7,0,6,5,1,0,2,0,13,0,1,37,14,0,105,0,0,1,225,19,0,78,0,4,9,4,13,1,1,0,0,1,0,0,10,0,1,1,54,1,13,0,0,0,3,0,0,0,0,4,6,3,0,0,1,0,0,0,0,0,4,9,0,0,37,0,1,1,0,0,0,0,2,0,3,0,1,2,0,0,1,39,6,0,0,0,3,13,0,8,0,347,0,1,1,29,0,391,99,355,70,7,16,18,20,23,90,13,6043,23,715,5,265,0,13,0,116,21,2286,4,3,357,17,4,0,6,94,33,364,0,4,42,31,32,3256,2850,52,132,6,34,2,1877,13,94,0,1,194,9,0,178,1248,612,6272,55,2351,4,149,2811,297,15,39,12,2,5,140,1254,3,0,0,0,80,1,22,66,1,0,4,10,3,6255,185,12,0,0,1510,637,15,13,53,0,317,1,48,2,0,0,2,1485,8320,2,4,1,0,0,18,0,0,0,252,11,0,0,246,1,0,0,83,56,152,1022,0,0,72,174,0,4,1,0,206,2,2115,26,13,4,0,1,0,108,830,1,1,4,0,0,858,4,19,0,0,1,22,9,1,1,286,3,0,23,0,0,6,0,0,0,0,0,0,0,436,1,0,169,739,21,0,44,396,0,1,0,15,20,2,106,0,351
LHB,T1_10m,0.01,29.55284,-89.85833,2018-05-23T00:00:00Z,core,"marsh soil - 10 m inland, 0-2 cm depth",0,136,0,61,4,55,22,11,0,0,0,0,15,0,0,0,0,0,0,0,0,16,4,1311,1,1,45,0,90,0,163,0,0,4,2,0,0,32,0,0,0,0,0,0,0,24,18,409,7,1,335,0,13,1,486,13,7,25,6,0,0,8,0,10,92,1,0,2,582,234,0,0,108,318,2,12,2,216,176,17,61,2614,6,1,6,18,1,32,0,141,0,5,10,7,108,4,11,7,0,0,0,50,0,1,0,9,0,28,0,5,0,28,41,7,3,0,55,136,2,0,6,0,0,3,1,21,0,9,0,8,9830,35,8963,76,2224,1296,1768,1420,0,1473,3,9,1206,502,23,166,0,12,160,10,0,0,1050,194,1,1,183,39,716,6169,277,111,0,10,2,16,405,141,1,616,150,0,0,0,4,26,16,1,139,0,1,5,3,35,0,0,16,0,10,22,0,0,0,0,1,7,12,17,234,0,0,2,0,4,0,0,0,2,143,0,0,3,1,10,0,4,2,1,19,1,10,11,0,85,0,0,0,0,40,0,0,108,0,0,1,0,0,13,20,24,10,1,6,16,2,0,576,0,0,0,5,0,5,0,187,197,9,1,0,227,0,0,47,0,11,0,0,1,818,280,11,9,0,6,38,0,106,6,66,159,380,8,277,388,4,14,0,46,31,1,0,15,0,74,0,0,25,15,0,56,0,0,5,742,65,0,219,0,16,28,1,56,7,4,1,0,16,1,0,10,2,3,2,66,6,8,0,0,7,5,0,0,0,0,0,2,10,0,0,0,0,1,0,0,0,1,39,0,2,38,0,0,2,0,0,0,0,0,0,9,0,0,10,0,0,1,53,20,0,0,0,12,13,0,21,0,541,0,1,4,76,2,904,164,474,127,10,29,64,42,60,41,8,6474,18,438,5,492,1,8,1,145,16,1517,0,2,357,4,1,0,6,50,28,26,0,2,8,41,8,3525,3659,63,125,8,49,1,1247,8,86,0,7,282,12,0,179,2220,1817,12293,86,1824,5,180,3699,222,96,77,5,3,12,403,2806,4,0,0,1,174,0,36,88,2,0,7,21,1,10045,83,34,1,0,2418,2338,47,21,37,0,401,3,78,2,0,1,6,1678,13436,10,0,0,0,0,19,0,0,0,601,6,1,0,722,3,0,0,66,9,143,2108,0,0,28,146,1,6,1,0,599,0,6516,80,53,6,0,59,0,41,134,0,0,1,0,0,1151,1,74,0,0,3,70,18,7,9,724,4,0,154,0,0,28,0,2,0,0,0,0,0,418,17,1,144,1057,32,0,54,750,0,3,1,25,19,2,207,1,1575
LHB,T1_100m,0.01,29.55208,-89.85864,2018-05-23T00:00:00Z,core,"marsh soil - 100 m inland, 0-2 cm depth",0,20,0,8,0,5,3,353,0,1,0,0,1,0,0,0,0,0,0,0,0,1,0,21,0,0,17,0,0,0,6,0,0,1,1,0,0,39,0,0,0,0,0,0,0,8,22,609,1,1,546,0,5,1,60,47,36,28,1,0,0,46,0,10,96,0,0,2,571,134,0,0,44,223,0,7,1,248,158,3,60,1793,0,1,7,17,2,15,0,250,0,6,3,7,89,7,14,35,0,0,1,75,0,7,0,52,0,16,2,14,0,2,58,47,4,0,45,15,0,2,5,0,2,0,1,17,0,0,0,4,8951,33,3405,9,1274,1874,2172,537,0,509,5,2,1612,318,28,186,4,3,190,2,2,0,514,339,0,0,27,12,681,3800,398,150,0,5,0,10,1318,62,1,48,227,40,1,0,10,19,18,0,57,0,0,2,1,12,0,0,5,3,0,74,12,0,0,0,2,2,18,24,193,0,0,0,0,49,0,1,0,3,31,0,0,9,2,13,1,27,7,1,367,85,76,98,2,123,5,2,5,0,14,0,0,145,0,0,3,0,0,0,9,12,5,0,8,14,2,3,94,0,1,0,0,0,19,0,73,481,4,1,1,263,0,1,38,0,0,0,0,0,752,400,8,0,0,0,69,1,163,0,14,9,221,11,205,287,1,5,1,1,5,0,1,5,1,33,0,0,19,21,0,79,0,0,0,403,15,2,44,0,5,22,0,53,1,0,0,1,5,0,0,6,0,9,11,35,1,2,2,0,3,13,0,0,0,0,4,2,11,0,1,1,0,0,1,0,0,0,22,0,0,48,0,6,0,0,0,0,0,0,0,15,0,0,8,0,0,1,80,20,0,0,0,10,53,0,16,0,500,0,0,9,106,0,338,234,627,85,22,20,92,47,28,122,16,6632,62,768,11,416,0,7,0,52,31,4693,1,4,1257,19,0,0,4,78,174,23,0,9,22,92,17,5663,4683,344,215,31,48,2,1229,12,360,0,3,350,15,0,152,2126,592,10532,62,2307,5,178,3339,317,30,103,42,2,8,307,1197,6,3,0,0,102,1,3,41,2,0,4,1,2,2483,189,92,0,0,982,2884,121,13,18,5,1066,10,36,4,1,0,14,538,7349,1,52,0,1,1,19,0,0,0,663,19,0,0,226,0,0,0,60,5,71,1586,0,0,13,503,0,5,0,0,238,0,2159,4,62,17,2,4,0,44,479,1,0,0,1,0,1641,0,21,0,0,1,67,5,2,0,42,5,0,4,0,1,1,0,0,1,0,0,0,0,72,11,7,90,485,14,0,42,499,0,0,0,37,10,5,342,0,538
LHC,T3_0m,0.01,29.556231,-89.858483,2018-05-23T00:00:00Z,core,"subtidal marsh edge sediment, 0-2 cm depth",0,66,0,2,2,100,2,1274,2,5,0,0,0,0,0,0,6,0,0,1,0,3,0,590,0,0,7,0,9,0,2,0,0,4,5,0,2,26,0,0,1,0,0,0,6,8,6,425,8,3,474,0,16,4,435,2,12,35,1,0,3,4,0,7,87,0,0,0,554,111,0,0,90,137,1,10,3,248,234,17,80,1053,0,1,4,52,1,65,0,121,0,5,8,3,44,8,17,24,0,2,0,51,0,1,0,25,0,10,0,4,0,26,30,17,3,0,257,6,9,0,1,0,0,11,1,14,0,57,3,1,7439,34,2744,23,2329,7200,1427,1284,0,523,0,3,891,236,12,85,0,2,404,12,8,0,390,160,0,4,92,30,936,2627,236,409,1,50,0,13,1016,58,31,254,407,2,0,0,7,25,3,18,611,0,6,78,27,224,0,0,35,108,6,115,6,0,3,0,60,46,14,230,193,0,0,1,0,34,0,0,0,6,2,0,0,7,0,0,1,1,1,2,38,0,15,2,2,93,0,2,14,0,111,1,0,167,0,0,2,0,0,1,7,12,7,1,3,34,0,4,9763,0,0,0,1,2,19,0,29,1331,5,0,3,119,0,0,2,1,1,0,0,0,527,166,16,0,1,0,39,0,73,2,12,30,122,17,79,226,2,0,1,2,4,0,0,4,1,11,0,1,25,48,0,144,0,0,1,234,5,0,61,1,6,12,1,9,1,5,0,0,10,0,0,13,0,4,5,20,10,174,0,2,2,4,0,0,0,0,5,0,14,0,5,3,0,0,0,0,0,1,27,0,0,27,0,1,0,0,0,0,0,0,0,10,0,0,0,0,0,0,58,11,0,0,0,15,6,0,36,0,489,0,1,2,63,7,339,121,216,35,2,7,53,20,20,44,3,6673,34,931,10,285,0,5,0,40,1,2952,0,11,570,3,4,1,11,5,129,28,0,5,18,64,13,6284,5869,74,123,25,37,3,1238,2,34,0,0,449,30,0,177,1916,704,4046,9,1539,0,217,1795,278,16,43,27,0,3,308,1026,6,0,0,0,137,0,6,36,5,0,34,2,1,4368,187,6,1,0,609,521,17,14,7,0,814,9,44,1,1,0,5,647,9912,4,2,0,0,0,13,0,0,0,577,9,0,0,762,3,0,0,68,8,42,1444,0,0,8,28,0,6,0,0,163,0,2156,11,7,17,6,10,1,28,54,3,5,1,0,0,1235,1,17,0,1,1,52,4,8,2,445,1,0,13,0,0,6,0,0,0,0,0,0,0,90,4,0,78,311,11,0,29,1299,0,0,7,20,45,0,147,0,784
LHC,T3_1m,0.01,29.55623,-89.858445,2018-05-23T00:00:00Z,core,"marsh soil - 1 m inland, 0-2 cm depth",0,12,0,1,0,13,1,365,0,0,0,0,0,0,0,0,0,0,0,0,0,0,0,47,0,0,1,0,1,0,0,0,0,0,1,0,0,6,0,1,5,0,1,0,0,0,53,974,104,4,450,0,49,38,59,3,31,20,24,0,0,3,0,12,250,1,26,15,1084,136,0,0,69,190,17,12,16,536,289,9,123,916,0,0,4,26,3,40,0,59,0,20,27,22,452,18,15,32,0,13,0,74,0,1,0,11,1,29,1,3,0,5,226,77,17,0,20,1,0,2,6,0,0,0,5,14,0,2,0,0,6468,43,2130,0,751,1590,1329,638,0,473,0,23,1277,190,9,191,1,3,223,2,0,0,217,506,0,1,21,6,407,2095,166,108,0,5,0,148,1199,38,2,29,314,1,0,0,30,32,10,1,50,0,0,4,2,16,0,0,2,2,1,340,10,0,0,0,7,2,442,93,1151,1,0,0,0,143,0,0,0,6,0,0,0,1,0,2,1,2,5,0,23,1,4,1,0,28,0,10,45,0,14,0,0,401,0,0,1,0,0,0,3,6,1,0,3,7,4,2,111,0,0,0,2,0,12,0,23,11347,65,0,0,137,0,0,20,1,1,0,0,5,243,616,5,2,0,0,62,0,78,1,8,23,78,0,35,280,2,3,0,0,0,0,0,0,0,4,0,0,5,40,0,124,0,0,2,304,4,0,29,0,2,11,2,21,0,2,1,2,10,0,0,7,0,3,4,17,2,16,0,0,4,2,0,0,0,0,3,1,8,0,0,0,0,0,0,2,0,0,6,0,1,47,0,0,0,0,1,0,1,0,0,11,0,1,1,0,0,1,38,7,0,0,0,4,3,0,12,0,242,0,0,7,63,0,146,143,347,95,4,33,34,22,5,309,31,8242,95,1206,16,241,0,4,1,64,4,4260,10,5,760,111,18,0,53,35,77,237,0,15,18,83,71,8934,3765,108,188,19,48,16,3015,2,107,0,1,208,20,0,157,2367,408,4093,50,3557,1,295,3823,450,19,82,16,4,4,83,1137,3,0,0,0,170,0,31,32,1,0,14,2,0,5526,556,73,0,0,1163,237,13,33,221,5,361,10,19,3,1,0,2,339,8307,3,7,0,0,0,59,0,0,0,260,57,0,0,212,1,0,0,31,3,127,901,0,0,134,180,0,4,0,0,65,0,1332,2,1,12,1,3,0,65,721,2,0,23,0,0,1084,3,19,3,0,0,11,2,1,0,112,0,0,3,0,0,1,0,0,5,0,0,0,0,77,1,1,109,616,24,0,33,555,0,0,7,13,34,4,107,0,262
LHC,T3_10m,0.01,29.55624,-89.85835,2018-05-23T00:00:00Z,core,"marsh soil - 10 m inland, 0-2 cm depth",0,10,0,1,1,16,0,399,0,2,0,0,0,0,1,0,0,0,0,0,0,7,0,51,0,0,3,0,0,0,0,0,0,1,3,0,0,4,0,0,13,0,0,0,0,2,33,522,111,3,517,0,46,9,100,2,131,14,91,0,0,9,0,141,85,0,5,3,730,140,0,0,50,97,4,3,5,411,258,23,64,1835,0,3,2,15,4,29,0,128,0,51,46,69,675,66,25,95,3,9,0,79,0,0,0,10,0,11,42,13,0,16,127,92,14,0,27,2,0,1,7,0,2,3,3,20,0,4,0,3,5368,25,5482,17,990,1894,1412,884,0,457,0,6,2013,154,12,156,0,15,385,5,1,0,170,584,0,0,38,9,383,2438,148,116,1,3,0,70,663,86,5,48,146,26,7,0,38,9,9,0,42,0,2,3,0,24,0,0,2,7,0,138,8,0,0,0,2,2,108,40,652,0,0,0,0,51,0,0,0,9,6,0,0,5,0,21,2,0,2,0,6,2,3,0,0,31,1,2,16,0,61,0,0,287,0,0,3,0,0,1,1,5,1,0,2,8,0,2,155,0,0,1,1,0,5,0,16,11672,69,1,2,940,0,0,177,0,3,0,0,0,273,637,17,8,0,0,58,0,75,0,11,15,103,1,50,191,2,1,0,0,1,1,0,1,0,5,0,0,4,13,0,114,0,0,2,286,2,0,25,0,0,10,0,20,2,1,0,0,13,0,0,3,0,1,7,25,3,22,0,0,3,3,0,0,2,0,0,6,6,0,0,1,0,0,0,0,0,0,10,0,0,29,0,1,0,0,0,0,0,0,0,7,0,0,1,0,0,0,20,5,0,0,0,4,4,0,18,0,201,0,0,7,46,2,202,101,310,107,3,35,34,12,8,209,43,9991,67,1221,9,194,0,0,0,151,28,5344,25,7,1215,67,1,0,28,53,131,410,0,9,37,137,124,10811,5991,109,209,18,47,27,6921,5,110,0,1,226,20,0,131,1863,668,5782,253,2878,4,170,2480,368,23,79,31,7,3,111,1444,0,0,0,0,70,1,33,72,1,0,18,0,0,5795,521,45,0,0,949,455,24,31,115,3,412,6,23,22,3,0,3,604,7316,4,18,0,1,0,42,0,0,0,192,114,0,0,187,0,0,0,32,17,123,823,0,0,154,451,0,4,1,0,140,14,1350,5,29,10,4,1,0,168,1971,9,0,6,0,1,1028,5,9,0,0,0,19,4,2,0,201,0,1,10,0,0,1,0,0,15,0,3,0,0,192,2,4,130,613,9,0,48,432,0,0,7,23,32,1,119,0,319
LHC,T3_48m,0.01,29.55631,-89.85797,2018-05-23T00:00:00Z,core,"marsh soil - 48 m inland, 0-2 cm depth",0,4,0,0,0,0,0,0,0,0,0,0,0,0,0,0,0,0,0,0,0,1,0,83,0,0,4,0,1,0,1,0,0,0,0,0,0,19,0,0,0,0,0,0,0,2,25,675,8,1,646,0,7,6,108,22,41,5,3,0,0,20,0,3,102,1,1,0,1238,153,0,0,53,147,0,10,4,474,300,11,96,2154,0,8,3,21,3,39,0,127,0,16,17,128,297,13,9,28,0,2,0,73,0,1,0,2,0,13,0,2,0,5,95,90,2,1,42,0,0,1,1,0,0,5,3,17,0,8,0,3,7240,39,3176,6,1088,1368,1763,476,0,490,4,28,1638,311,10,421,0,3,220,0,5,1,345,657,1,1,24,5,713,3031,273,151,0,2,0,58,1905,64,1,43,231,22,0,0,14,8,8,0,45,0,2,3,2,18,0,0,4,4,2,248,17,0,0,0,4,1,67,70,263,0,0,0,0,151,0,0,0,14,6,0,0,19,1,7,2,7,4,0,32,10,7,9,0,32,1,6,20,0,16,0,0,360,0,0,1,0,0,1,3,7,3,0,3,9,0,2,95,0,0,0,9,0,23,0,42,27130,54,9,3,328,0,32,28,0,0,0,0,0,372,565,4,0,0,0,65,0,181,0,22,4,135,6,79,277,2,4,0,1,4,0,0,0,2,8,0,0,0,3,0,199,0,0,1,231,2,0,40,0,1,21,1,42,3,3,0,1,11,1,0,2,0,1,8,45,1,10,0,0,5,14,0,0,0,0,4,0,9,0,0,4,0,0,0,0,0,0,10,0,1,21,0,0,0,0,0,0,0,0,0,9,0,0,3,0,0,0,11,12,0,0,0,2,6,1,12,0,315,2,0,6,115,3,187,243,496,99,10,12,63,28,8,240,11,8868,65,1394,12,221,0,2,1,62,14,5851,9,1,1849,75,2,0,22,110,213,48,1,14,30,106,108,9396,3169,277,242,51,63,18,2380,12,120,10,0,282,26,0,25,2082,481,6413,58,1145,2,225,3029,490,33,86,19,1,7,202,800,0,4,0,0,22,0,21,135,3,0,49,0,0,3497,525,151,0,1,916,1063,85,57,80,4,967,16,14,13,3,0,1,871,7982,7,1,0,1,0,80,0,0,0,245,34,1,0,245,0,0,0,25,2,34,639,0,0,99,951,0,5,0,0,163,0,997,2,7,3,0,4,0,19,464,13,0,5,0,0,1242,1,6,0,0,0,22,4,1,1,207,0,3,8,0,0,1,0,0,3,0,0,0,0,70,5,3,132,406,13,0,33,714,0,0,14,17,71,1,250,0,377
WPH1,T1_0m,0.01,29.560577,-89.810026,2018-05-22T00:00:00Z,core,"subtidal marsh edge sediment, 0-2 cm depth",0,79,0,31,0,102,4,428,0,4,0,0,7,0,0,0,2,0,0,0,1,0,18,1121,0,0,222,0,24,0,111,0,0,17,0,0,0,108,0,0,0,0,0,0,9,0,55,289,2121,0,216,0,1,0,378,15,0,19,0,0,0,12,0,0,200,0,0,1,283,103,0,0,185,389,0,17,0,63,54,0,15,1917,0,0,1,8,0,22,0,406,16,75,444,38,4777,0,24,50,0,0,0,33,0,0,0,58,0,2,0,9,0,27,12,185,43,0,30,90,3,0,1,35,0,31,0,10,0,0,0,0,8515,29,3277,24,1533,979,865,1177,0,7884,0,2,598,395,33,68,0,29,258,27,1,0,823,147,0,9,174,58,604,4351,144,78,3,7,2,24,249,57,7,663,111,1,0,0,14,50,1,0,230,0,20,10,9,94,0,0,12,1,23,9,0,0,0,0,9,21,3,2,99,0,0,0,0,7,0,0,0,0,57,0,0,0,0,0,0,0,0,0,54,0,26,15,0,86,0,0,6,0,79,0,0,159,0,0,3,3,0,20,116,21,11,0,0,16,20,0,397,0,0,51,0,1,1,0,32,704,29,150,0,145,0,0,4,0,4,0,7,0,681,174,0,0,0,6,29,0,77,1,79,118,330,16,175,487,6,3,0,12,15,0,0,19,1,65,0,0,86,79,0,40,0,0,6,819,59,0,258,0,22,68,0,35,0,3,0,1,0,0,0,0,0,1,7,87,8,1,0,0,1,11,0,0,0,0,0,0,13,0,0,0,0,0,0,4,0,0,35,0,0,31,0,0,4,0,0,0,0,0,0,3,0,0,0,0,0,0,32,61,0,0,0,27,2,0,55,5,468,0,0,15,51,1,678,101,490,89,0,1650,157,54,35,50,0,3163,4,278,0,317,0,19,16,1142,0,2603,76,0,4471,0,1,0,0,2,55,531,1,20,4,9,3,6975,2122,59,32,106,55,0,6238,0,0,0,0,218,16,0,182,1890,1308,8084,16,3400,0,118,2308,187,30,126,24,0,1,553,2176,65,0,0,0,72,0,0,10,4,0,4,8,0,6415,8,19,0,0,1629,1565,12,2,2,0,176,2,263,0,0,1,0,2527,12954,8,0,0,0,0,21,0,0,0,531,3,0,0,409,0,0,0,38,57,162,1245,0,0,48,53,0,8,0,0,274,0,2954,234,36,1,0,15,0,5,2219,36,16,13,0,0,1101,0,47,0,0,0,64,0,4,1,358,0,0,22,0,0,51,0,0,15,0,0,0,0,347,17,18,212,1033,56,0,24,580,0,0,0,40,21,0,168,0,899
WPH1,T1_1m,0.01,29.56055,-89.80997,2018-05-22T00:00:00Z,core,"marsh soil - 1 m inland, 0-2 cm depth",0,7,0,0,0,2,0,132,0,0,0,0,0,0,0,0,0,0,0,1,0,0,0,12,0,0,2,0,0,0,0,0,0,2,0,0,0,16,0,0,92,1,0,0,0,0,140,1888,75,4,1385,0,177,121,34,36,109,20,72,0,0,31,0,28,328,1,59,108,2088,180,0,2,143,448,37,205,180,1622,1013,11,266,1110,0,0,9,39,4,36,0,37,0,41,17,13,193,19,2,46,5,8,0,90,0,1,0,14,1,65,9,3,0,0,317,80,16,0,13,0,0,2,8,0,3,1,15,5,0,0,0,0,10732,61,542,0,572,1630,2802,339,0,629,0,11,603,230,3,138,0,2,367,0,0,0,151,860,0,0,5,3,456,1454,238,75,0,3,0,71,1107,10,2,6,409,7,2,0,26,13,12,0,24,0,0,4,3,4,0,0,0,2,2,909,61,0,2,0,3,7,534,133,1428,0,0,0,0,170,0,0,0,11,0,0,0,0,0,0,0,6,6,0,3,0,2,2,0,16,0,0,46,0,5,0,0,272,0,0,4,0,0,1,0,39,8,0,27,51,17,58,51,0,0,0,8,0,13,0,10,3241,10,0,0,71,0,0,5,0,0,0,0,327,703,946,31,1,0,1,177,0,127,0,2,2,36,0,39,474,0,2,0,0,0,0,0,1,0,1,0,0,22,56,0,676,0,0,8,436,11,5,80,0,4,20,6,17,1,0,9,3,15,0,2,0,0,3,18,82,8,6,0,0,5,17,0,0,2,0,4,1,16,1,0,1,0,2,1,2,0,1,31,1,0,57,0,15,0,1,0,0,1,0,0,78,0,4,0,0,0,4,114,19,0,0,1,11,24,1,14,0,544,7,0,20,76,2,135,301,813,143,34,68,51,70,14,547,20,7848,113,1179,29,392,0,10,0,32,10,7144,10,2,1231,138,62,0,38,31,135,32,0,8,11,165,116,9863,2128,133,407,15,57,6,1773,1,441,1,1,273,19,0,246,3836,428,2943,8,6768,2,747,5166,1634,4,108,53,19,17,24,716,0,1,0,0,47,1,33,30,1,0,11,0,0,6957,1476,167,0,0,1497,68,11,108,91,4,1161,1,38,2,2,0,3,700,10640,0,0,0,1,0,70,72,0,0,419,16,0,0,150,0,0,0,74,4,219,857,0,0,248,787,0,2,0,0,23,0,1182,1,9,9,0,0,0,151,306,4,1,30,0,0,1542,0,54,32,0,0,43,0,2,0,40,0,0,1,0,0,0,0,0,8,0,0,1,0,91,0,1,129,1395,45,2,63,314,0,0,1,10,14,0,72,0,480
WPH1,T1_10m,0.01,29.56052,-89.80988,2018-05-22T00:00:00Z,core,"marsh soil - 10 m inland, 0-2 cm depth",0,23,0,0,0,8,0,204,0,0,0,0,0,0,1,0,0,0,0,0,0,0,0,6,1,0,2,0,0,0,0,0,0,1,0,0,0,12,0,4,49,0,0,0,0,1,122,1467,128,2,1106,0,233,192,75,18,124,40,98,0,0,19,1,1,338,0,57,140,2209,257,0,0,92,379,74,5,215,1709,936,25,363,1252,0,0,4,29,4,35,0,44,0,37,15,20,263,22,5,64,1,13,0,74,1,0,0,5,0,39,13,4,0,6,328,108,16,2,17,0,0,0,9,0,4,6,4,9,0,3,0,2,8990,52,608,0,738,1526,2581,415,0,641,0,12,811,287,1,176,0,5,377,1,0,0,210,979,0,3,2,3,547,2255,221,52,0,0,0,89,1088,27,2,14,536,6,2,0,22,16,19,0,62,0,0,3,2,14,0,0,4,1,0,689,40,0,1,0,1,1,573,162,1103,0,0,0,0,143,0,0,0,17,0,0,0,6,1,0,0,4,1,0,0,1,4,0,0,22,0,2,36,0,18,0,0,225,0,0,1,0,0,3,5,8,6,0,37,31,7,45,86,0,0,2,12,0,7,0,10,6070,13,2,0,63,0,8,9,0,0,0,0,24,640,982,46,0,1,2,96,1,135,0,3,5,50,1,51,406,2,0,1,2,0,0,0,0,0,0,0,0,8,88,0,408,0,0,3,722,6,7,59,0,0,8,3,5,1,0,3,1,8,0,0,1,0,1,11,75,10,2,0,0,3,3,0,0,1,0,6,0,18,1,0,2,0,0,1,1,0,0,6,0,0,17,0,3,0,0,0,0,0,0,0,42,0,5,0,1,0,1,54,14,0,0,2,9,34,1,14,0,404,6,0,24,77,3,162,244,583,143,18,57,49,73,13,566,7,6613,108,994,9,324,0,3,1,66,12,5009,8,4,847,151,45,0,37,32,90,123,0,13,9,101,77,8854,2210,86,179,22,38,4,2514,4,278,3,0,258,45,1,231,3433,548,3558,6,4357,1,1990,4178,1364,0,112,56,16,15,102,1094,5,1,0,0,116,1,14,66,0,0,6,0,0,5231,1105,186,0,2,1961,40,13,75,100,12,1284,1,41,2,3,1,1,719,8644,2,2,0,0,0,120,1,0,1,332,23,1,7,81,0,0,0,56,6,65,933,0,0,119,601,0,5,0,1,4,5,878,2,1,1,1,1,0,99,391,3,0,3,0,0,1417,1,30,21,0,0,21,0,0,0,4,0,0,0,0,0,1,0,0,38,0,0,0,0,101,1,1,131,1135,75,0,126,398,0,1,3,11,2,0,71,1,404
WPH1,T1_100m,0.01,29.56034,-89.80899,2018-05-22T00:00:00Z,core,"marsh soil - 100 m inland, 0-2 cm depth",0,12,0,1,0,1,0,287,0,0,0,0,0,0,0,0,0,0,0,1,0,1,0,11,0,0,2,0,0,0,2,0,0,0,0,0,0,13,0,0,30,0,0,0,0,0,1,632,7,4,0,0,42,0,10,0,0,0,23,0,0,3,0,7,122,0,0,3,736,0,0,0,0,0,5,0,0,51,308,19,0,240,0,0,3,35,1,19,0,39,0,43,27,0,1,28,0,74,0,0,0,19,0,1,0,2,0,7,9,5,0,0,0,11,1,0,0,0,0,0,0,0,0,1,0,3,0,1,0,0,1809,0,0,0,0,0,0,0,0,0,0,0,2,0,0,0,0,0,0,0,0,0,0,2,0,1,0,0,11,82,1,0,0,0,0,3,2,0,0,0,3,4,1,0,4,0,0,0,0,0,0,0,0,0,0,0,0,0,0,0,0,0,0,0,0,0,0,0,0,0,0,0,0,2,0,0,0,0,0,0,0,1,0,0,0,0,0,0,0,0,0,0,0,0,0,0,0,0,0,0,0,48,0,0,0,0,0,2,0,1,0,0,0,0,0,0,15,0,0,0,0,0,0,0,8,3,0,0,0,0,0,0,0,0,0,0,0,0,0,507,2,0,0,0,6,0,0,0,6,5,71,0,10,11,0,0,0,0,0,0,0,0,0,0,0,0,0,23,0,24,0,0,0,419,0,0,17,0,0,2,0,7,0,0,0,0,27,0,0,0,0,0,4,22,0,0,0,0,0,14,0,0,0,0,0,0,3,0,0,0,0,2,1,0,0,0,46,0,0,72,0,3,0,0,0,0,0,0,0,8,0,1,0,0,0,0,57,15,0,0,0,10,2,0,4,0,345,0,0,0,1,1,0,33,249,45,6,11,3,21,3,1,0,332,15,672,0,175,0,1,0,1,0,500,0,0,4,0,0,0,13,0,0,0,0,0,1,2,0,528,0,1,67,3,0,0,0,0,236,0,0,33,17,0,0,221,14,15,0,0,0,0,2423,0,0,20,0,4,0,1,67,0,1,0,0,19,0,0,0,0,0,4,0,0,0,0,3,0,0,4,2,0,53,120,8,0,0,4,0,2,0,0,929,3804,0,0,0,1,0,1,0,0,0,0,0,0,0,71,0,0,0,1,6,29,1232,0,0,31,378,0,0,0,0,0,0,1028,0,0,0,0,0,0,0,0,3,0,0,0,0,279,0,0,0,0,0,0,0,0,0,2,0,0,0,0,0,0,0,0,0,0,0,0,0,122,0,1,67,309,15,0,38,21,0,0,6,3,0,0,21,0,136
WPH02,T2_0m,0.01,29.515386,-89.788025,2018-05-21T00:00:00Z,core,"subtidal marsh edge sediment, 0-2 cm depth",0,48,0,5,0,39,3,374,0,9,0,0,3,0,1,0,0,0,0,1,0,1,0,373,0,2,71,0,25,0,36,0,0,1,5,0,0,13,0,0,14,0,0,0,6,8,61,584,5,0,127,0,7,4,416,9,5,39,1,0,2,10,0,7,210,1,1,2,577,185,1,0,264,537,2,74,7,229,205,14,83,3415,3,1,1,13,0,14,0,152,0,8,7,0,60,1,41,1,0,1,0,38,0,3,0,39,0,12,0,4,0,41,35,9,5,0,71,33,1,3,5,0,5,17,0,19,0,5,0,3,7411,44,3368,26,1436,1059,881,1493,0,720,1,6,827,371,23,55,0,3,216,23,4,0,853,115,0,4,181,69,769,6350,184,135,2,6,5,8,275,236,6,1092,109,0,0,0,1,6,9,1,118,0,9,7,4,38,0,0,25,3,7,14,2,0,0,0,2,5,7,6,114,0,0,1,0,2,0,2,0,0,20,0,0,2,0,3,2,1,0,1,17,1,1,2,0,152,0,2,1,0,105,0,0,110,0,0,1,2,0,1,12,5,3,1,0,10,0,2,321,0,0,0,3,3,1,0,27,399,5,8,2,141,0,1,3,0,4,0,3,0,610,203,7,2,2,6,14,0,75,13,49,55,691,9,171,676,11,4,0,6,15,1,0,6,0,52,0,0,181,26,0,12,0,0,6,665,15,0,61,1,14,20,0,11,1,2,0,1,5,0,1,11,1,0,3,25,4,2,0,1,0,1,0,0,0,0,0,0,9,0,0,1,0,0,0,0,0,0,10,0,0,6,0,0,0,0,0,0,0,0,0,2,0,0,0,0,0,0,10,19,0,0,0,32,12,1,20,0,590,0,1,6,71,1,616,82,296,74,5,12,82,52,37,29,2,4511,12,228,1,477,0,27,9,60,1,786,0,0,116,0,0,0,1,6,9,11,0,5,2,32,8,2630,3594,40,48,7,52,1,415,1,52,1,5,207,28,1,319,2654,1188,10312,15,3886,0,207,2389,269,67,111,15,1,7,658,2857,26,0,0,0,37,0,3,68,5,0,8,6,0,6068,33,18,0,0,1879,2383,69,10,12,3,306,4,151,1,0,1,3,3446,16747,13,1,1,0,0,14,2,0,0,582,10,1,0,321,5,0,0,34,29,229,2856,0,0,9,11,3,4,0,1,777,0,5939,119,21,1,0,112,0,24,50,6,2,0,0,0,947,0,47,7,0,0,106,7,1,1,269,1,0,31,0,0,11,0,0,0,0,0,0,0,235,6,0,133,707,36,0,45,720,0,0,0,17,21,2,244,3,487
WPH02,T2_1m,0.01,29.51539,-89.78801,2018-05-21T00:00:00Z,core,"marsh soil - 1 m inland, 0-2 cm depth",0,0,0,1,0,2,0,32,0,0,0,0,0,0,0,0,0,0,0,0,0,0,0,7,0,0,1,0,0,0,1,0,0,1,2,0,0,7,0,0,26,0,0,0,0,0,76,787,7,1,387,0,12,10,31,4,98,87,25,0,0,23,0,0,231,0,1,17,648,30,0,0,152,388,0,103,24,344,264,33,194,2125,0,0,7,41,4,20,0,107,0,85,8,1,153,8,42,14,5,12,0,50,0,2,0,3,0,13,3,8,0,8,74,79,9,3,18,0,0,0,0,0,1,0,1,5,0,0,1,2,5537,17,470,4,564,1128,1878,349,0,560,0,6,505,90,3,170,0,7,322,1,0,0,171,1371,0,0,34,1,245,595,161,64,0,1,0,28,392,16,1,26,128,2,0,0,12,1,0,0,16,0,0,3,0,6,0,0,1,2,0,224,6,0,1,0,5,1,39,89,514,0,0,0,0,24,0,0,0,9,1,0,0,1,0,3,0,2,3,0,4,0,7,0,0,151,0,4,16,0,13,0,0,407,0,0,3,0,0,1,0,2,0,0,4,8,1,1,51,0,0,1,1,0,1,0,3,10847,29,0,1,144,0,1,6,0,0,0,0,0,497,756,41,0,0,4,38,1,156,0,6,3,45,1,51,230,0,0,0,0,0,0,0,0,0,3,0,1,2,5,0,447,0,0,0,61,1,0,19,0,3,12,2,4,5,1,3,2,15,0,0,1,0,5,1,119,0,0,1,0,1,7,0,0,0,0,17,0,3,0,0,0,0,1,1,0,0,0,17,0,0,29,0,0,0,0,0,0,0,0,0,5,0,0,2,0,0,0,24,14,0,0,0,2,11,0,2,0,493,11,0,29,106,1,172,208,892,105,13,17,56,50,3,391,32,20320,148,1910,28,246,0,6,0,31,15,5376,1,3,792,5,2,0,41,65,68,19,0,7,11,125,85,6543,2830,91,543,18,58,25,2894,4,174,1,0,243,8,0,72,2000,320,3302,9,1603,0,207,9005,901,10,317,22,2,7,130,1015,1,0,0,4,17,1,21,47,1,0,80,1,0,2139,183,157,0,0,2636,508,17,141,266,11,1031,16,65,2,4,0,0,2161,11743,8,0,0,0,0,52,0,0,0,470,77,3,0,222,4,0,0,51,6,72,383,0,0,53,282,0,7,0,0,106,4,1354,2,22,2,0,5,15,146,409,2,0,34,0,0,1095,2,1,0,0,0,3,0,2,0,39,0,0,1,0,0,1,0,0,18,0,0,0,0,7021,1,6,109,687,36,0,77,566,0,0,6,3,27,0,84,0,301
WPH02,T2_10m,0.01,29.515465,-89.78797,2018-05-21T00:00:00Z,core,"marsh soil - 10 m inland, 0-2 cm depth",0,19,0,2,0,9,0,160,0,1,0,0,0,0,0,0,0,0,0,0,0,0,0,23,0,0,0,0,0,0,0,0,0,4,1,0,0,20,0,2,10,0,0,0,0,3,29,442,4,1,520,0,10,8,34,0,49,26,7,0,0,28,0,0,86,0,0,8,462,87,0,0,56,167,0,13,8,371,198,10,163,1247,0,3,1,24,1,22,0,88,0,17,18,22,130,15,10,14,0,3,0,37,0,0,0,2,0,3,3,8,1,2,43,54,9,1,21,0,1,0,0,0,0,1,4,7,0,3,0,1,5531,30,1307,4,734,1166,1804,557,0,313,2,8,805,106,1,169,0,6,353,2,0,0,233,750,0,4,7,3,422,1280,154,80,0,0,0,29,652,36,1,17,185,2,0,0,10,4,3,1,44,0,0,5,1,9,0,0,4,2,2,216,18,0,1,0,2,5,30,69,175,0,0,0,1,41,0,0,0,14,1,0,0,4,1,1,1,3,2,0,15,4,9,0,0,18,0,1,4,0,9,0,0,359,0,0,4,0,0,0,2,3,3,0,2,8,1,2,22,0,0,0,1,1,3,0,8,96423,274,1,0,174,0,1,23,0,0,0,0,0,737,194,13,1,0,5,82,0,126,0,7,4,46,1,44,104,3,1,1,0,0,0,0,3,1,2,0,0,2,6,0,203,0,0,1,160,1,1,30,0,2,18,4,16,2,3,4,0,16,0,0,1,0,2,7,45,0,0,0,0,2,17,0,0,0,0,5,5,11,0,0,2,0,0,1,0,0,1,15,0,0,8,0,2,0,0,0,0,0,0,0,21,0,0,0,0,0,0,39,8,0,0,0,5,24,1,7,0,285,5,0,13,63,0,119,229,702,53,15,10,39,15,2,215,17,6838,98,1146,15,239,0,8,0,28,5,5708,0,0,1078,4,3,1,15,114,164,46,0,8,13,187,56,5200,2442,162,331,45,57,30,2108,7,224,0,0,272,14,0,26,1543,274,2604,17,669,0,195,2944,659,11,94,41,0,6,65,621,0,1,0,6,12,0,12,56,6,0,58,1,1,1261,220,99,0,0,1640,231,11,35,115,8,1204,11,9,2,3,0,1,903,7390,1,10,0,1,0,21,0,0,0,299,50,0,0,98,1,0,0,70,3,72,154,0,0,119,305,0,7,0,0,26,8,308,0,74,21,1,0,65,121,428,11,0,0,0,0,1115,1,1,0,0,0,6,2,3,0,86,0,0,2,0,0,1,0,0,5,0,0,0,0,67,1,2,128,299,9,0,45,386,0,0,10,5,9,0,90,1,358
WPH02,T2_100m,0.01,29.51618,-89.78754,2018-05-21T00:00:00Z,core,"marsh soil - 100 m inland, 0-2 cm depth",0,124,0,11,4,39,0,1061,0,1,0,0,2,0,0,1,0,0,0,0,0,0,0,376,0,1,2,0,9,0,3,0,0,6,18,0,2,35,0,0,17,0,0,0,2,6,17,282,5,1,353,0,9,33,127,2,17,12,1,0,0,14,0,1,43,0,0,9,524,163,0,0,40,219,0,12,11,320,152,1,178,1717,0,1,2,17,0,19,0,34,0,12,11,17,62,8,2,6,0,4,0,34,0,0,0,2,0,2,0,3,0,19,38,61,9,3,107,2,0,2,4,0,1,10,0,11,0,10,0,3,6208,15,3850,12,851,546,825,248,0,395,11,14,1127,315,3,246,1,3,167,0,8,0,682,223,0,9,4,14,1027,3408,207,48,1,6,2,21,1463,21,1,77,339,5,0,0,9,48,9,1,294,0,0,20,9,71,0,0,20,3,1,304,8,0,0,0,3,22,23,119,180,2,0,0,1,30,0,0,0,7,6,0,0,10,0,4,2,3,1,0,8,1,8,1,0,9,0,1,2,0,4,0,0,282,0,0,3,0,0,1,7,2,7,0,4,5,2,2,101,0,0,0,1,0,9,0,45,26077,177,0,0,193,0,0,25,0,0,0,0,2,635,165,18,0,0,1,60,0,70,0,8,6,108,13,186,197,5,0,0,0,0,0,0,1,0,13,0,0,2,6,0,184,0,0,0,361,2,0,67,0,1,3,1,5,0,0,2,1,9,0,0,1,0,2,7,58,2,6,0,0,4,2,0,0,0,0,0,0,14,0,0,1,0,0,0,1,0,0,2,0,1,6,0,0,0,0,0,0,0,0,0,1,0,0,2,0,0,0,16,7,0,0,0,3,34,0,30,1,195,1,1,7,125,3,330,206,451,79,3,12,58,12,13,66,6,4587,33,616,5,245,0,10,1,16,4,4253,3,0,559,7,2,0,9,67,111,51,0,7,15,169,67,3691,1077,132,206,10,35,36,837,4,124,11,7,228,13,0,48,1930,786,5687,29,492,1,264,2221,537,28,59,19,0,4,166,1188,0,0,0,2,24,2,38,39,20,0,109,0,1,1415,177,74,1,0,1348,375,8,34,64,23,1044,6,31,2,2,0,5,469,7407,1,1,0,0,0,20,0,0,0,331,26,13,0,112,1,0,0,97,6,34,96,0,0,13,228,0,3,0,1,7,1,197,4,21,6,0,7,27,266,246,1,0,3,0,1,1135,4,1,0,0,0,18,4,2,0,335,1,0,2,0,1,2,0,0,10,0,0,0,0,24,0,1,89,257,20,0,24,140,0,0,5,13,18,2,239,1,987
PS07,T2_0m,0.01,29.475931,-89.85407,2018-05-21T00:00:00Z,core,"subtidal marsh edge sediment, 0-2 cm depth",0,277,0,13,12,818,12,4816,18,36,0,0,42,0,0,1,83,5,0,54,5,30,0,3352,0,5,10,0,59,7,40,0,0,2,293,0,9,31,0,0,0,0,0,0,11,71,13,168,2,2,78,0,8,0,3243,0,0,11,0,0,0,22,0,0,9,1,0,3,118,182,0,0,57,110,0,5,0,32,13,2,39,486,0,0,4,12,0,18,0,97,10,71,11,1,110,0,19,46,3,7,0,69,0,1,0,12,0,2,0,10,0,14,35,28,7,9,4004,5,554,0,7,0,0,24,0,7,0,1093,1,0,10829,9,4303,40,1225,502,328,386,0,357,1,1,353,59,6,62,0,2,16,4,35,0,1044,89,0,7,21,37,3405,3096,121,104,0,318,0,1,480,20,767,347,388,0,0,0,6,552,17,144,5735,0,4,405,351,2068,1,14,243,282,13,56,0,0,50,0,633,462,1,2,40,0,0,0,0,0,0,0,0,0,1,0,16,26,0,6,4,0,3,0,5,0,7,7,0,40,0,0,3,21,0,0,0,198,0,0,3,0,0,4,2,6,10,0,0,5,0,0,3561,0,0,0,0,0,6,0,132,456,26,131,2,182,1,0,10,1,6,0,23,0,166,7,4,0,0,5,2,0,17,0,18,14,287,166,366,93,14,6,0,0,18,2,0,1,0,1,0,0,1,3,0,49,0,0,2,481,6,17,436,1,8,10,0,6,0,4,0,1,1,0,0,0,0,5,0,96,8,0,0,5,0,3,0,0,0,0,0,0,11,0,5,4,0,0,0,1,0,0,2,0,0,12,0,0,4,0,0,0,0,0,0,1,0,0,2,0,0,1,30,9,0,0,0,2,1,0,91,8,169,0,0,1,106,82,2498,528,481,105,3,1,152,23,32,2,0,2859,3,163,0,239,0,8,61,31,0,529,1,0,58,1,0,0,3,4,1,4,0,0,1,26,0,6315,1001,30,59,6,30,0,279,1,50,0,0,131,22,0,96,2437,3292,5243,89,1654,0,102,1673,196,37,35,0,1,3,413,2564,0,0,0,0,23,1,0,33,4,0,16,8,0,718,34,0,0,0,629,333,2,3,1,0,47,0,64,57,0,0,0,346,5164,0,0,0,0,0,2,0,0,0,103,10,0,0,240,0,0,0,39,10,30,135,0,0,324,3,0,6,0,0,10,0,303,7,11,0,1,27,0,36,35,0,6,1,0,0,793,0,1,1,0,0,37,8,6,0,2159,0,0,29,0,7,23,0,0,0,0,0,0,0,75,0,0,58,141,3,0,21,191,0,0,0,168,57,18,414,13,1442
PS07,T2_1m,0.01,29.47591,-89.8541,2018-05-21T00:00:00Z,core,"marsh soil - 1 m inland, 0-2 cm depth",0,57,0,25,1,111,0,2710,0,10,0,0,0,0,12,0,0,0,0,2,12,0,0,222,0,0,4,0,4,0,0,1,0,5,11,0,8,56,0,0,2,0,0,0,0,33,5,7,38,4,205,0,20,53,195,0,12,0,0,0,0,1,0,0,0,0,0,1,0,6,0,0,0,0,0,2,0,0,0,0,0,28,0,0,1,42,0,11,0,38,0,19,13,18,227,88,3,13,0,0,0,45,0,2,0,17,0,17,0,6,0,22,153,81,14,0,4,22,2,0,7,0,0,11,0,47,0,2,0,0,2818,11,14,0,38,0,245,2,0,62,0,28,2607,225,10,113,0,0,0,0,1,0,1,4,0,0,4,42,1013,3955,172,61,0,2,2,95,3759,89,5,74,211,0,0,0,8,46,11,0,241,0,0,33,13,100,0,0,3,3,6,94,4,0,0,0,3,11,161,63,426,0,0,2,0,1,0,0,0,0,0,0,0,12,0,116,6,0,2,0,0,0,27,10,0,24,0,1,0,0,0,0,13,439,0,0,0,0,0,0,15,1,0,0,4,12,0,4,17,0,0,0,7,0,0,0,18,15033,118,2,7,446,6,0,421,0,0,0,1,0,7,0,0,0,0,0,5,0,0,0,0,0,0,0,42,33,0,0,0,0,0,0,1,0,0,3,0,0,0,4,0,20,0,0,0,0,0,0,45,0,0,12,0,14,0,1,0,1,0,0,0,7,0,3,3,47,42,11,0,0,0,3,0,0,0,0,3,6,1,0,0,2,0,0,0,0,0,0,0,0,0,0,0,0,0,0,0,0,0,0,0,10,0,0,0,0,0,0,11,7,0,0,0,0,4,0,9,0,6,0,1,1,3,1,764,81,196,39,0,12,77,2,3,0,0,113,1,3,0,64,0,1,0,27,4,1934,2,0,637,2,6,0,2,2,174,77,0,0,7,4,8,7192,1,20,50,2,38,0,1,4,16,2,0,46,2,0,0,582,121,21,0,0,1,0,46,7,0,10,0,0,2,5,1607,0,0,0,0,5,0,1,2,0,0,0,0,0,1707,0,0,0,0,0,1,0,0,0,0,0,0,0,0,0,0,0,2,140,0,0,0,0,0,0,0,0,0,0,0,0,0,39,0,0,0,0,4,8,0,0,0,12,0,0,4,0,0,0,0,0,0,0,0,0,0,0,0,142,0,0,2,0,0,160,0,0,0,0,0,30,0,2,0,641,1,0,11,0,6,0,0,0,21,4,0,2,0,0,0,1,30,0,0,0,12,308,0,0,4,28,39,0,26,0,1011
PS07,T2_10m,0.01,29.47593,-89.85419,2018-05-21T00:00:00Z,core,"marsh soil - 10 m inland, 0-2 cm depth",0,101,0,14,3,33,4,2484,0,3,0,0,1,0,0,0,0,0,0,3,1,6,2,236,0,0,17,0,6,0,3,0,0,4,5,5,2,93,0,0,0,0,12,0,1,0,28,481,6,29,0,0,1034,0,13,0,0,22,0,1,0,0,0,12,44,0,0,11,656,582,0,0,50,200,0,0,5,185,177,4,44,1240,0,0,1,7,2,1,0,16,0,6,13,0,0,1,1,58,0,0,0,4,0,0,0,1,0,0,0,1,0,0,1,3,0,0,39,0,1,5,0,0,0,6,0,1,0,3,0,0,5048,14,3350,9,839,627,555,187,0,446,0,0,12,0,0,0,0,7,57,0,1,0,1035,158,0,1,0,0,9,94,1,0,0,0,0,31,0,0,0,0,5,1,0,0,3,0,0,0,1,0,0,0,0,3,0,0,0,0,0,0,0,0,0,0,1,0,0,0,0,0,0,0,0,0,0,0,0,0,2,0,0,0,0,0,0,0,0,0,3,0,2,0,0,10,0,0,1,0,30,0,0,21,0,0,2,0,0,11,2,5,1,0,8,2,0,6,112,0,0,0,0,7,2,0,23,0,0,0,0,0,0,0,0,0,0,0,0,0,1163,518,27,0,0,1,167,0,76,0,7,16,81,4,154,315,5,0,0,0,1,0,0,1,0,3,0,0,8,9,0,0,0,0,9,584,51,0,233,1,0,5,0,3,2,0,0,0,3,1,0,0,0,0,7,6,0,6,0,0,0,0,0,0,0,0,0,0,4,0,0,0,0,0,0,1,0,5,6,0,7,19,0,3,0,0,0,0,0,0,0,2,0,1,4,0,0,0,222,6,0,0,0,1,15,0,24,0,160,0,0,0,75,2,3,35,118,59,1,31,14,18,14,0,0,0,0,0,0,167,0,1,2,2,0,2198,0,0,8,0,0,0,65,33,1,58,0,1,1,36,0,612,1373,143,44,7,0,20,2531,0,22,0,8,172,8,4,123,2562,1261,9964,20,1207,1,720,3477,456,23,139,6,80,11,125,2735,5,1,0,1,324,1,13,31,11,2,21,0,4,0,721,9,0,0,785,236,4,19,106,7,525,2,204,1,1,0,1,451,20005,0,6,0,0,0,5,2,0,0,312,23,3,0,761,0,0,0,88,519,439,502,0,0,9,347,0,3,0,1,8,9,408,25,4,0,1,3,0,58,182,2,0,2,0,0,1860,4,0,0,0,0,11,0,3,0,289,0,0,0,0,0,1,0,0,0,0,0,0,0,15,1,0,147,2652,34,0,41,4,0,0,1,0,4,0,167,0,901
PS07,T2_100m,0.01,29.4761,-89.85505,2018-05-21T00:00:00Z,core,"marsh soil - 100 m inland, 0-2 cm depth",0,54,0,13,1,42,2,1470,6,4,0,1,2,0,0,0,0,0,0,0,3,5,1,328,0,0,3,0,28,0,11,0,0,2,40,12,11,37,0,162,1,0,5,1,1,5,52,818,246,22,729,0,605,270,144,0,6,45,0,0,0,2,0,4,49,2,3,64,988,691,0,0,100,415,0,3,12,391,367,3,108,1586,0,0,0,20,2,16,0,53,3,7,10,9,95,36,2,44,0,2,0,36,0,10,0,30,0,10,0,4,0,11,527,96,4,0,69,18,3,12,2,0,4,4,0,14,0,8,0,0,9986,54,4169,4,818,495,769,140,0,386,0,14,3549,476,20,259,0,4,116,0,7,0,1373,534,0,13,19,16,625,4541,147,49,0,4,1,66,429,56,7,128,279,1,1,0,39,211,12,1,495,0,1,21,21,37,0,0,5,5,9,432,12,0,0,3,6,44,657,141,739,0,0,0,0,38,0,0,0,20,23,0,0,9,0,33,6,18,1,0,4,0,1,0,0,21,0,3,25,0,18,0,0,269,0,0,4,0,0,34,26,48,26,0,29,34,19,26,368,1,0,0,16,0,14,0,38,418,0,1,1,229,0,0,31,0,5,0,0,0,944,459,27,0,1,2,128,0,102,0,12,36,115,15,237,471,10,3,0,1,4,1,0,3,1,14,0,0,11,34,0,142,0,0,8,637,20,0,275,1,14,21,4,51,3,1,0,0,11,4,0,0,1,0,0,47,3,18,1,0,6,4,0,0,0,0,0,0,30,1,0,0,0,1,0,1,0,4,15,0,12,44,0,15,2,2,0,0,0,0,0,26,0,7,0,0,0,0,225,27,1,0,0,1,47,0,47,0,258,2,0,0,124,5,617,163,431,80,5,36,103,22,83,0,0,9,1,148,0,409,0,5,6,78,0,4866,4,0,130,15,81,0,26,25,65,440,0,4,85,23,67,6593,1026,220,223,10,45,5,1817,15,35,0,20,425,6,0,237,3439,1718,14840,61,2090,0,1085,4033,425,13,80,9,19,54,145,3476,14,0,0,3,453,19,14,24,4,0,10,1,0,13176,1808,11,0,0,939,249,6,17,109,0,565,0,260,3,0,4,0,460,20939,2,48,0,0,0,53,3,0,0,368,40,0,0,659,13,0,0,126,107,190,226,0,0,22,518,0,5,0,1,4,1,967,25,14,3,2,3,0,232,241,0,0,4,0,0,1595,9,1,0,0,0,20,0,7,0,448,2,0,29,0,0,0,0,0,6,0,0,0,0,23,5,1,334,2331,42,0,65,130,0,0,3,33,17,1,194,0,731
